Datetime,Water Level (m)
2026-01-30 00:00:00,0.192095
2026-01-30 01:00:00,0.063763335
2026-01-30 02:00:00,-0.06722398
2026-01-30 03:00:00,-0.12519611
2026-01-30 04:00:00,-0.14798968
2026-01-30 05:00:00,-0.16906455
2026-01-30 06:00:00,-0.19016528
2026-01-30 07:00:00,-0.20269504
2026-01-30 08:00:00,-0.14951831
2026-01-30 09:00:00,0.00091507775
2026-01-30 10:00:00,0.12796462
2026-01-30 11:00:00,0.17801635
2026-01-30 12:00:00,0.10993477
2026-01-30 13:00:00,-0.03530533
2026-01-30 14:00:00,-0.12816134
2026-01-30 15:00:00,-0.18816839
2026-01-30 16:00:00,-0.21442878
2026-01-30 17:00:00,-0.23327269
2026-01-30 18:00:00,-0.2502153
2026-01-30 19:00:00,-0.23908766
2026-01-30 20:00:00,-0.08817232
2026-01-30 21:00:00,0.10394735
2026-01-30 22:00:00,0.23006307
2026-01-30 23:00:00,0.2867008
2026-01-31 00:00:00,0.28609702
2026-01-31 01:00:00,0.21725018
2026-01-31 02:00:00,0.061837073
2026-01-31 03:00:00,-0.05852771
2026-01-31 04:00:00,-0.10641067
2026-01-31 05:00:00,-0.12744857
2026-01-31 06:00:00,-0.15327135
2026-01-31 07:00:00,-0.17984404
2026-01-31 08:00:00,-0.19868706
2026-01-31 09:00:00,-0.12659468
2026-01-31 10:00:00,0.0679454
2026-01-31 11:00:00,0.1949549
2026-01-31 12:00:00,0.23903923
2026-01-31 13:00:00,0.15767154
2026-01-31 14:00:00,0.0039263377
2026-01-31 15:00:00,-0.09631826
2026-01-31 16:00:00,-0.15811059
2026-01-31 17:00:00,-0.18377692
2026-01-31 18:00:00,-0.20436977
2026-01-31 19:00:00,-0.22391672
2026-01-31 20:00:00,-0.21054697
2026-01-31 21:00:00,-0.023910534
2026-01-31 22:00:00,0.1736803
2026-01-31 23:00:00,0.29951787
2026-02-01 00:00:00,0.34816787
2026-02-01 01:00:00,0.3387489
2026-02-01 02:00:00,0.25104997
2026-02-01 03:00:00,0.08685799
2026-02-01 04:00:00,-0.029951546
2026-02-01 05:00:00,-0.0764903
2026-02-01 06:00:00,-0.10061997
2026-02-01 07:00:00,-0.12807746
2026-02-01 08:00:00,-0.15550835
2026-02-01 09:00:00,-0.16368334
2026-02-01 10:00:00,-0.015615697
2026-02-01 11:00:00,0.18209697
2026-02-01 12:00:00,0.28549707
2026-02-01 13:00:00,0.29538026
2026-02-01 14:00:00,0.19424018
2026-02-01 15:00:00,0.036495388
2026-02-01 16:00:00,-0.06728473
2026-02-01 17:00:00,-0.123055525
2026-02-01 18:00:00,-0.1467205
2026-02-01 19:00:00,-0.16919549
2026-02-01 20:00:00,-0.19183029
2026-02-01 21:00:00,-0.16084398
2026-02-01 22:00:00,0.075044446
2026-02-01 23:00:00,0.24908085
2026-02-02 00:00:00,0.3628103
2026-02-02 01:00:00,0.39036095
2026-02-02 02:00:00,0.3575742
2026-02-02 03:00:00,0.23770687
2026-02-02 04:00:00,0.07292557
2026-02-02 05:00:00,-0.019403422
2026-02-02 06:00:00,-0.05581031
2026-02-02 07:00:00,-0.08206168
2026-02-02 08:00:00,-0.11260595
2026-02-02 09:00:00,-0.14216658
2026-02-02 10:00:00,-0.11161298
2026-02-02 11:00:00,0.12086223
2026-02-02 12:00:00,0.27126575
2026-02-02 13:00:00,0.3515988
2026-02-02 14:00:00,0.3231972
2026-02-02 15:00:00,0.2024898
2026-02-02 16:00:00,0.04555402
2026-02-02 17:00:00,-0.052247345
2026-02-02 18:00:00,-0.095826045
2026-02-02 19:00:00,-0.119256616
2026-02-02 20:00:00,-0.1454447
2026-02-02 21:00:00,-0.16674101
2026-02-02 22:00:00,-0.07439688
2026-02-02 23:00:00,0.19026493
2026-02-03 00:00:00,0.33113024
2026-02-03 01:00:00,0.41695443
2026-02-03 02:00:00,0.41707504
2026-02-03 03:00:00,0.35144418
2026-02-03 04:00:00,0.2029876
2026-02-03 05:00:00,0.056023855
2026-02-03 06:00:00,-0.011256668
2026-02-03 07:00:00,-0.04047858
2026-02-03 08:00:00,-0.07021696
2026-02-03 09:00:00,-0.10201018
2026-02-03 10:00:00,-0.12325407
2026-02-03 11:00:00,0.013875086
2026-02-03 12:00:00,0.23835336
2026-02-03 13:00:00,0.35239556
2026-02-03 14:00:00,0.38912496
2026-02-03 15:00:00,0.32579154
2026-02-03 16:00:00,0.1813286
2026-02-03 17:00:00,0.03882279
2026-02-03 18:00:00,-0.041444194
2026-02-03 19:00:00,-0.07439204
2026-02-03 20:00:00,-0.09952732
2026-02-03 21:00:00,-0.1276886
2026-02-03 22:00:00,-0.13706464
2026-02-03 23:00:00,0.056544915
2026-02-04 00:00:00,0.2713618
2026-02-04 01:00:00,0.39377916
2026-02-04 02:00:00,0.43832475
2026-02-04 03:00:00,0.4103164
2026-02-04 04:00:00,0.30406013
2026-02-04 05:00:00,0.13979578
2026-02-04 06:00:00,0.030754672
2026-02-04 07:00:00,-0.014193454
2026-02-04 08:00:00,-0.042065203
2026-02-04 09:00:00,-0.074427776
2026-02-04 10:00:00,-0.10583686
2026-02-04 11:00:00,-0.08707461
2026-02-04 12:00:00,0.14630616
2026-02-04 13:00:00,0.30331975
2026-02-04 14:00:00,0.39171898
2026-02-04 15:00:00,0.38248903
2026-02-04 16:00:00,0.29022852
2026-02-04 17:00:00,0.13059309
2026-02-04 18:00:00,0.012833032
2026-02-04 19:00:00,-0.045548577
2026-02-04 20:00:00,-0.07189918
2026-02-04 21:00:00,-0.09996248
2026-02-04 22:00:00,-0.12884553
2026-02-04 23:00:00,-0.100765415
2026-02-05 00:00:00,0.14992452
